Fayda,Bitkiler
Bağışıklık sistemini güçlendirir ve vücut direncini artırır,"Alman Papatyası, Geven, Dereotu Tohumu, Devedikeni, Ebegümeci, Enginar Yaprağı, Isırgan Otu, Karahindiba, Karanfil, Kaygan Karaağaç, Kimyon, Kişniş, Mürver Çiçeği, Romen Papatyası, Sinir Otu, Zencefil, Zerdeçal, Zeytin Yaprağı, Çörek Otu, Ardıç Meyvesi, Ashwagandha, Ginseng, Ekinezya, Kara Mürver, Sibirya Ginsengi, Laden, Dağ Çayı, Kuşburnu, Kekik, Altınmühür, Biberiye, Civanperçemi, Karabaş Otu, Yaban Kekiği, Pırasa Tohumu, Kutsal Fesleğen, Ginkgo Biloba, Gotu Kola, Hatmi Çiçeği, Ihlamur, Isırgan Tohumu, At Kuyruğu, Roma Papatyası, Dağ Kekiği, Tarla Aslanpençesi, Yalancı Aslanpençesi, Melek Otu, Asma, Çayır Üçgülü, Turnagagası, Koka, Sedef Otu, Yarpuz, Yeşil Çay, Üzüm"
Sindirim sistemini düzenler ve mide-bağırsak sağlığını destekler,"Alman Papatyası, Anason, Geven, Dereotu Tohumu, Devedikeni, Dulavratotu Kökü, Enginar Yaprağı, Isırgan Otu, Karahindiba, Karanfil, Kaygan Karaağaç, Kimyon, Kişniş, Nane, Darülfülfül, Rezene, Şizandra, Sinir Otu, Zencefil, Zerdeçal, Kinoa Yaprağı, Ardıç Meyvesi, Damiana, Defne Yaprağı, Mor Fesleğen, Ayva Yaprağı, Fesleğen, Limon Otu, Kudzu, Yarpuz, Dağ Çayı, Adaçayı, Biberiye, Kekik, Yaban Kekiği, Tarhun, Siyah Kimyon (Bunium), Kereviz Tohumu, Limon Kekiği, Meyan Kökü, Kudret Narı, Sarı Kantaron, Şatavari, Ebegümeci, Akgünlük, Kekik (Onites), Muskat, Guggul Reçinesi, Pelin Otu, Akçaağaç Kabuğu, Meşe Kabuğu, Böğürtlen Yaprağı, Yonca, Gotu Kola, İspanyol Adaçayı, Elma Kabuğu, Roma Papatyası, Çörek Otu, Hindiba Kökü, Dulavrat Otu Kökü, Dağ Kekiği, Kereviz, Hardal, Monarda, Kuşburnu, Nar, Çam Sakızı, Havlıcan, Tıbbi Havlıcan, Beyaz Zerdeçal, Mercanköşk, Dut Yaprağı, Kabuklu Zencefil, Kekik Çayı, Bergamot, Ananas Adaçayı, Bergamotlu Nane, İzmir Kekiği, Yaban Mersini Çayı, Buğday, Arpa, Yaban Mersini, Siyah Dut, Sinameki, Avrupa Yaban Değneği, Tarçın, Aslanpençesi, Anadolu Adaçayı, At Nanesi, Frenk Kimyonu, Çayır Düğmesi, Su Nanesi, Bahçe Sedef Otu, Ihlamur, Üzüm, Karabiber, Beyaz Biber, Küçük Çayır Düğmesi, Kanada Yaban Değneği (Asarum Canadense), Asya Yaban Değneği, Zerdeçal (Kurkumin İçerikli), Kafur, Tıbbi Nane, Yalancı Aslanpençesi, Çay, Tarla Aslanpençesi, Bahçe Nanesi, Çemen Otu, Kıvırcık Nane, Kanada Yaban Değneği (Asarum Caudatum), Kara Hardal"
Stres ve anksiyete seviyelerini düşürerek zihinsel rahatlama sağlar,"Alman Papatyası, Anason, Dereotu Tohumu, Ihlamur, Romen Papatyası, Melisa, Kava Kava Kökü, Çörek Otu, Sinir Otu, Lavanta, Zerdeçal, Ardıç Meyvesi, Ashwagandha, Damiana, Ginkgo Biloba, Ginseng, Limon Otu, Çarkıfelek, Kediotu, Altın Kök, Adaçayı, Biberiye, Civanperçemi, Karabaş Otu, Kekik, Kutsal Fesleğen, Mine Çiçeği, Sarı Kantaron, Isırgan Otu, Roma Papatyası, Ayva Yaprağı, Gotu Kola, Fesleğen, İspanyol Adaçayı"
"Cilt sağlığını destekler, doku onarımını ve cilt tonunu düzenler","Alman Papatyası, Anason, Geven, Dereotu Tohumu, Devedikeni, Dulavratotu Kökü, Ebegümeci, Hatmi Çiçeği, Isırgan Otu, Karahindiba, Karanfil, Kaygan Karaağaç, Kişniş, Mürver Çiçeği, Okaliptüs Yaprağı, Romen Papatyası, Şizandra, Sinir Otu, Zeytin Yaprağı, Çay Ağacı, Çörek Otu, Adaçayı, Akçaağaç Kabuğu, Armut Yaprağı, At Kestanesi, Atkuyruğu, Biberiye, Çuha Çiçeği, Aynısafa, Sarı Kantaron, Hatmi Kökü, Kudret Narı, Mür Reçinesi, Maydanoz Yaprağı, Ardıç Meyvesi, Günlük, Damiana, Mor Fesleğen, Guggul Reçinesi, Paçuli, Kırmızı Yonca, Aloe Vera, Dulavrat Otu, Altınmühür, Huş Ağacı Kabuğu, Karabaş Otu, Kinoa Yaprağı, Ayva Yaprağı, Fesleğen, Ekinezya, Elma Nanesi, Lavanta, Dulavrat Otu Kökü, Ginkgo Biloba, Ginseng, Gotu Kola, Ihlamur, Kara Mürver, Meyan Kökü, Muskat, Roma Papatyası, Tarçın, Zerdeçal, Çobançantası, Elma Kabuğu, Isırgan Tohumu, Keten Tohumu, Kızılcık Kabuğu, Laden, Soğan Kabuğu, Ashwagandha, Meşe Kabuğu, Cadı Fındığı, Böğürtlen Yaprağı, Ahududu Yaprağı, At Kuyruğu, Ayva Çekirdeği, Havuç Tohumu"
"Spiritüel arınma, enerji temizliği ve metafiziksel koruma sağlar","Anason, Dulavratotu Kökü, Kekik (Onites), Limon Kekiği, Darülfülfül, Kızılcık Kabuğu, Kava Kava Kökü, Ardıç Meyvesi, Günlük, Defne Yaprağı, Mor Fesleğen, Guggul Reçinesi, Ekinezya, Ökseotu, Limon Otu, Pelin Otu, Paçuli, Laden, Elma Nanesi, Sitronella, Adaçayı, At Kestanesi, Atkuyruğu, Biberiye, Böğürtlen Yaprağı, Aynısafa, Hatmi Kökü, Huş Ağacı Kabuğu, Karabaş Otu, Kekik, Zahter (Kekik Spicata), Kutsal Fesleğen, Mine Çiçeği, Yaban Kekiği, Pırasa Tohumu, Sığırkuyruğu, Söğüt Kabuğu, Tarhun, Mür Reçinesi, Yonca, Hindiba Kökü, Meyan Kökü, Keten Tohumu, Dulavrat Otu Kökü, Akgünlük, At Kuyruğu, Dağ Kekiği"
Solunum yollarını rahatlatır ve solunum sistemi sağlığını destekler,"Anason, Geven, Dereotu Tohumu, Ebegümeci, Hatmi Çiçeği, Ihlamur, Karanfil, Kaygan Karaağaç, Kekik (Onites), Mürver Çiçeği, Okaliptüs Yaprağı, Darülfülfül, Zeytin Yaprağı, Ardıç Meyvesi, Günlük, Defne Yaprağı, Ayva Yaprağı, Fesleğen, Ekinezya, Kırmızı Yonca, Yarpuz, Dağ Çayı, Okaliptüs, Adaçayı, Atkuyruğu, Civanperçemi, Kekik, Zahter (Kekik Spicata), Yaban Kekiği, Meyan Kökü, Akçaağaç Kabuğu, Böğürtlen Yaprağı, Hatmi Kökü, Altınmühür, Mor Fesleğen, Ayva Çekirdeği, Keklik Otu, Mür Reçinesi, Alman Papatyası, Kara Mürver, Nane, Sinir Otu, Tarçın, Zencefil, Çörek Otu, Laden, Akgünlük, Sığırkuyruğu, Siyah Kimyon, Sarımsak, Pırasa Tohumu, Kutsal Fesleğen, Maydanoz Yaprağı, Kişniş, Keten Tohumu, Çay Ağacı, Limon Kekiği, At Kuyruğu, Dağ Kekiği"
Analjezik ve anti-inflamatuar etki göstererek ağrıları hafifletir,"Alman Papatyası, Isırgan Otu, Karanfil, Kekik (Onites), Kızılcık Kabuğu, Okaliptüs Yaprağı, Romen Papatyası, Sinir Otu, Zencefil, Zerdeçal, Söğüt Kabuğu, At Kestanesi, Biberiye, Civanperçemi, Huş Ağacı Kabuğu, Karabaş Otu, Kekik, Sığırkuyruğu, Tarhun, Ardıç Meyvesi, Günlük, Defne Yaprağı, Guggul Reçinesi, Ökseotu, Limon Otu, Pelin Otu, Atkuyruğu, Çuha Çiçeği, Yonca, Dulavrat Otu Kökü, Hatmi Çiçeği, Karahindiba, Kişniş, Muskat, Zeytin Yaprağı, Akgünlük, İspanyol Adaçayı, Kereviz Tohumu, Keten Tohumu, At Kuyruğu, Roma Papatyası"
Uyku kalitesini artırır ve uykusuzluk sorunlarını giderir,"Alman Papatyası, Anason, Dereotu Tohumu, Ihlamur, Romen Papatyası, Melisa, Kava Kava Kökü, Kediotu, Çarkıfelek, Ebegümeci, Ashwagandha, Ayva Yaprağı, Elma Kabuğu, Muskat, Şerbetçiotu, Karabaş Otu, Mine Çiçeği, Sarı Kantaron, Sarımsak, Shatavari, Tarhun, Kereviz Tohumu, Lavanta, Roma Papatyası, Soğan Kabuğu, Şatavari"
Saç ve saç derisi sağlığını destekleyerek kepek oluşumunu önler,"Alman Papatyası, Dereotu Tohumu, Dulavratotu Kökü, Hatmi Çiçeği, Isırgan Otu, Çay Ağacı, Çörek Otu, Kinoa Yaprağı, Defne Yaprağı, Ayva Yaprağı, İspanyol Adaçayı, Isırgan Tohumu, Soğan Kabuğu, Paçuli, Kırmızı Yonca, Atkuyruğu, Biberiye, Çuha Çiçeği, Huş Ağacı Kabuğu, Aynısafa, Karabaş Otu, Maydanoz Yaprağı, Yonca, At Kuyruğu, Dulavrat Otu Kökü"
Hormon dengesini düzenler ve kadın sağlığını destekler,"Dereotu Tohumu, Keten Tohumu, Melisa, Romen Papatyası, Şizandra, Çobançantası, Kırmızı Yonca, Maca Kökü, Ökseotu, Havuç Tohumu, Pelin Otu, Yarpuz, Kudzu, Hayıt Tohumu, Adaçayı, Civanperçemi, Çuha Çiçeği, Sarı Kantaron, Shatavari, Yonca, Mine Çiçeği, Tarhun, Maydanoz Yaprağı, Ahududu Yaprağı, Siyah Kimyon (Bunium), Anason, Guggul Reçinesi, İspanyol Adaçayı, Meyan Kökü, Safran, Çarkıfelek, Maydanoz Tohumu, Şatavari, Roma Papatyası"
Kan şekerini dengelemeye yardımcı olur,"Isırgan Otu, Karahindiba, Kişniş, Tarçın, Zeytin Yaprağı, Çörek Otu, Hindiba Kökü, Defne Yaprağı, Isırgan Tohumu, Kudret Narı"
Vücuttan ödem atılmasını sağlar ve detoks etkisi yaratır,"Kinoa Yaprağı, Ardıç Meyvesi, Havuç Tohumu, Maydanoz Tohumu, Kırmızı Yonca, Kereviz Tohumu, Armut Yaprağı, At Kestanesi, Atkuyruğu, Huş Ağacı Kabuğu, Siyah Kimyon (Bunium), Maydanoz Yaprağı, Yonca, Dulavratotu Kökü, Karahindiba, Isırgan Otu, Hindiba Kökü, Ekinezya, Dulavrat Otu Kökü, Enginar Yaprağı, Rezene, Soğan Kabuğu, Mürver Çiçeği, At Kuyruğu, Siyah Kimyon"
"Bilişsel fonksiyonları, hafızayı ve odaklanmayı güçlendirir","Melisa, Keten Tohumu, Limon Kekiği, Biberiye, Ginkgo Biloba, Ashwagandha, Günlük, Ginseng, Gotu Kola, İspanyol Adaçayı, Safran, Adaçayı, Karabaş Otu, Altın Kök, Kutsal Fesleğen, Siyah Kimyon (Bunium), Isırgan Tohumu, Limon Otu, Sitronella, Maca Kökü, Keklik Otu, Akgünlük, Fesleğen, Mor Fesleğen, Kakule"
Antioksidan etkisiyle hücresel koruma ve savunma sağlar,"Alman Papatyası, Geven, Dereotu Tohumu, Devedikeni, Ebegümeci, Enginar Yaprağı, Isırgan Otu, Karahindiba, Karanfil, Kaygan Karaağaç, Kimyon, Kişniş, Mürver Çiçeği, Okaliptüs Yaprağı, Romen Papatyası, Zencefil, Zerdeçal, Zeytin Yaprağı, Çörek Otu, Adaçayı, Ginkgo Biloba, Gotu Kola, Ihlamur, Kara Mürver, Meyan Kökü, Elma Kabuğu, Soğan Kabuğu, At Kuyruğu, Biberiye, Mor Fesleğen, Roma Papatyası"
Karaciğer sağlığını ve fonksiyonlarını destekler,"Devedikeni, Dulavratotu Kökü, Enginar Yaprağı, Karahindiba, Hindiba Kökü, Zerdeçal, Kimyon, Biberiye, Mine Çiçeği, Tarçın, Çin Yaban Değneği, Asya Yaban Değneği, Ebucehil Karpuzu, Hibiskus, Hindistan Bektaşi Üzümü, Tıbbi Nane, Mercanköşk, Karanfil, Enginar, Çemen, Avrupa Yaban Değneği, Karabiber, Kara Hardal, Aslanpençesi, Sedef Otu, Tatlı Mercanköşk, Su Nanesi"
"Ağız ve diş sağlığını korur, mukoza yapısını destekler","Alman Papatyası, Anason, Dereotu Tohumu, Karanfil, Kişniş, Kızılcık Kabuğu, Nane, Rezene, Günlük, Ayva Yaprağı, Mor Fesleğen, Guggul Reçinesi, Ekinezya, Fesleğen, Elma Nanesi, Yarpuz, Laden, Adaçayı, Akçaağaç Kabuğu, Altınmühür, Atkuyruğu, Böğürtlen Yaprağı, Mür Reçinesi, Maydanoz Yaprağı, Meyan Kökü, Akgünlük, Kekik (Onites), Ahududu Yaprağı, At Kuyruğu"
Böbrek ve idrar yolları sağlığını destekleyerek enfeksiyonları önler,"Enginar Yaprağı, Isırgan Otu, Karahindiba, Kereviz Tohumu, Mürver Çiçeği, Rezene, Çobançantası, Ardıç Meyvesi, Havuç Tohumu, Maydanoz Tohumu, Isırgan Tohumu, Armut Yaprağı, Atkuyruğu, Maydanoz Yaprağı, Pırasa Tohumu, Ebegümeci, Hatmi Çiçeği, Sinir Otu, Kaygan Karaağaç, At Kuyruğu"
Libido ve cinsel performansı artırır,"Damiana, Maca Kökü, Isırgan Tohumu, Safran, Muskat, Maydanoz Tohumu, Paçuli, Pırasa Tohumu, Şizandra"
Enerji seviyelerini artırarak fiziksel ve zihinsel yorgunluğu giderir,"Geven, Devedikeni, Karahindiba, Tarçın, Zeytin Yaprağı, Şizandra, Darülfülfül, Altın Kök, Shatavari, Meyan Kökü, Isırgan Tohumu, Ginseng, Chia Tohumu, Şatavari"
"Bolluk, bereket ve pozitif enerji akışını destekler","Defne Yaprağı, Fesleğen, Maydanoz Tohumu, Muskat, Paçuli, Aloe Vera, Yonca, At Kestanesi, Altınmühür, Tarhun"
Hemostatik özellik göstererek yara iyileşmesini hızlandırır,"Kızılcık Kabuğu, Çobançantası"
Kemik ve diş yapısını güçlendirerek iskelet sistemini korur,"Kinoa Yaprağı, Chia Tohumu, Atkuyruğu, At Kuyruğu"
Demir eksikliği ve anemi semptomlarını hafifletmeye yardımcı olur,"Kinoa Yaprağı, Ispanak, Isırgan Otu, Ahududu Yaprağı"
Hücresel yenilenmeyi destekleyerek anti-aging etki sağlar,"Kinoa Yaprağı, Ashwagandha, Ginkgo Biloba, Ginseng, Kara Mürver"
Testosteron seviyelerini ve kas kütlesi gelişimini destekler,"Ashwagandha, Maca Kökü, Chia Tohumu, Sibirya Ginsengi"
Rüya farkındalığını ve hatırlamayı kolaylaştırır,"Damiana, Defne Yaprağı, Pelin Otu, Paçuli, Çarkıfelek, Kediotu"
Antipiretik (ateş düşürücü) etki sağlar,"Ayva Yaprağı, Limon Otu, Pelin Otu, Kudzu, Elma Nanesi, Çemen, Büyük Çayır Düğmesi"
Kolesterolü dengeler ve kardiyovasküler sağlığı korur,"Guggul Reçinesi, Ginseng, Ökseotu, Chia Tohumu, Alıç, Karabaş Otu, Sarımsak, Enginar Yaprağı"
Doğal böcek ve haşere kovucu özellik taşır,"Fesleğen, Yarpuz, Sitronella, Pelin Otu, Limon Otu, Okaliptüs Yaprağı, Tarçın, Kafur, Mercanköşk, Kokar Sedef Otu, Turnagagası, Hayıt"
Kan dolaşımını düzenleyerek vücut ısısını dengeler,"Ginkgo Biloba, Ginseng, Gotu Kola, Ökseotu, Isırgan Tohumu, Muskat"
Göz sağlığını ve görme fonksiyonlarını destekler,"Ginkgo Biloba, Kara Mürver, Safran, Havuç Tohumu, Akçaağaç Kabuğu, Altınmühür, Aynısafa, Alman Papatyası, Ayva Çekirdeği"
Prostat sağlığını destekler ve fonksiyonlarını korur,Armut Yaprağı
Venöz dolaşımı destekleyerek varis ve hemoroid şikayetlerini hafifletir,"At Kestanesi, Pırasa Tohumu, Civanperçemi, Tavşanmemesi, Ökseotu"
Tırnak yapısını güçlendirir ve tırnak sağlığını korur,"Atkuyruğu, At Kuyruğu"
Kulak sağlığını destekler ve ağrıları hafifletir,"Sığırkuyruğu, Sarımsak"
Bağımlılıkla mücadeleyi destekler ve iradeyi güçlendirir,Karabaş Otu
Laktasyonu destekleyerek anne sütü üretimini artırır,"Anason, Dereotu Tohumu, Kimyon, Rezene, Çemen Otu, Shatavari, Siyah Kimyon (Bunium), Şatavari, Siyah Kimyon, Çemen, Hayıt Otu, Şevketibostan"
Üreme sağlığını destekler ve hormonal dengeyi sağlar,"Shatavari, Ahududu Yaprağı, Adaçayı, Civanperçemi, Ökseotu, Havuç Tohumu, Mine Çiçeği, Tarhun, Siyah Kimyon, Maydanoz Yaprağı, Kekik (Onites), Roma Papatyası, Safran, Çobançantası, İspanyol Adaçayı, Kediotu, Şatavari, Mavi Yılan Kökü, Kara Yılan Otu"
Vücuttaki iltihabı azaltmaya yardımcı olur (Anti-inflamatuar),"Alman Papatyası, Geven, Devedikeni, Isırgan Otu, Meyan Kökü, Roma Papatyası, Sinir Otu, Zencefil, Zerdeçal, Zeytin Yaprağı, Akgünlük, Guggul Reçinesi, Kaygan Karaağaç"
"Vücut genelindeki ağrıları (baş, kas, eklem) hafifletir ve dindirir","Alman Papatyası, Ihlamur, Karanfil, Melisa, Nane, Okaliptüs Yaprağı, Roma Papatyası, Çobançantası, Çörek Otu, Fesleğen, Lavanta, Kekik (Onites), Marul, Taze Kabak, Su Teresi, Çiriş Otu, Yaban İnciri, Bağ Yaprağı, Pazı, Defne, Siyah Dut, Ananas Adaçayı, Havlıcan, Tıbbi Havlıcan, Zedoarya, Mercanköşk, Kekik, Beyaz Dut Yaprağı, Beyaz Zerdeçal, Çam Sakızı, Bergamot Nanesi, Karayılan Otu, Kızılçam, Bergamotlu Nane, Soğan, Kabak, Ebucehil Karpuzu, Pırasa, Kavak, Kenevir"
Cilt sağlığını destekler ve deri hastalıklarının iyileşmesine yardımcı olur,"Altınmühür, At Kuyruğu, Çuha Çiçeği, Aynısafa, Hatmi Kökü, Huş Ağacı Kabuğu, Karabaş Otu, Kekik, Çay Ağacı, Pelin Otu, Ardıç Meyvesi, Akgünlük, Damiana, Mor Fesleğen, Guggul Reçinesi, Paçuli, Kırmızı Yonca, Aloe Vera, Dulavrat Otu, Armut Yaprağı, Gül Suyu, Cupuaçu, Kuşburnu Yağı ve Çekirdeği, Beyaz Zerdeçal, Çam Reçinesi, Çam Sakızı, Karadut Yaprağı, Nar Çekirdeği Yağı, Zedoarya, Mercanköşk, Alpinia Malaccensis, Karahindiba Çayı, Mercanköşk Yağı, İzmir Kekiği, Beyaz Dut Yaprağı, Yaban Mersini Yaprağı, Acı Bakla, Burçak, Kükürt, Zeytin, Ceviz, Erik, Sabun Otu, Kuşburnu, Dut Yaprağı, Tıbbi Havlıcan, Karahindiba, Kızılçam Katranı, Karayılan Otu, Yaban Mersini, Ağustos Gülü"
Ateş düşürücü etki sağlar ve vücut ısısını dengeler,"Ayva Yaprağı, Kızılcık Kabuğu, Mürver Çiçeği, Pelin Otu, Limon Otu, Kudzu, Elma Nanesi, Dut Ağacı (Yaprak ve Dal), Ananas Adaçayı, Havlıcan, Karayılan Otu, Kanada Yaban Değneği (Asarum Canadense), Kanada Yaban Değneği (Asarum Caudatum), Avrupa Yaban Değneği, Himalaya Yaban Değneği, Asya Yaban Değneği, Çoban Püskülü, Tarçın, Yabani Zencefil, Kokar Sedef Otu, Söğüt Kabuğu, Kara Hardal, Küçük Çayır Düğmesi"
"Kalp-damar sağlığını korur, dolaşımı, tansiyonu ve kolesterolü düzenler","At Kestanesi, Ökseotu, Alıç, Karabaş Otu, Sarımsak, Zeytin Yaprağı, Ginkgo Biloba, Ginseng, Gotu Kola, Isırgan Tohumu, Muskat, Fesleğen, Siyah Dut, Nar Çekirdeği Yağı, Nar, Kekik, Çam Sakızı, Yaban Mersini, Karahindiba Çayı, Kuşburnu, Mor Soğan, Dut Yaprağı, Beyaz Zerdeçal, Karadut Yaprağı, Bergamot, Kereviz, Zeytin, Yayla Çayı, Dut Ağacı (Yaprak ve Dal), Ananas Adaçayı, Kabuk Zencefili, Tıbbi Havlıcan, Zedoarya, Mercanköşk, Kereviz Yaprağı"
Karaciğer sağlığını destekler ve vücudun toksinlerden arınmasına (detoks) yardımcı olur,"Devedikeni, Dulavrat Otu Kökü, Enginar Yaprağı, Karahindiba, Kimyon, Zerdeçal, Hindiba Kökü, Şizandra, Biberiye, Mine Çiçeği, Isırgan Otu, Kinoa Yaprağı, Ardıç Meyvesi, Ekinezya, Kırmızı Yonca, Hayıt, Ispanak, Labada, Mürver, Pelin, Karabaş Otu, Dut Ağacı (Yaprak ve Dal), Havlıcan, Beyaz Zerdeçal, Mercanköşk, Kereviz, Beyaz Dut Yaprağı, İzmir Kekiği, Kamış, Haşhaş"
Hormonal dengeyi ve kas gelişimini destekler,"Ashwagandha, Maca Kökü, Chia Tohumu, Sibirya Ginsengi"
"Metabolizmayı hızlandırır, enerji seviyelerini artırır ve kilo kontrolüne yardımcı olur","Ardıç Meyvesi, Guggul Reçinesi, Zencefil, Elma Kabuğu, Nar Çekirdeği Yağı, Kabuk Zencefili, Yaban Mersini, Kekik, Dut Yaprağı, Beyaz Zerdeçal, Çam Sakızı"
Anti-aging etkisiyle yaşlanma belirtilerini geciktirir ve zindelik sağlar,"Adaçayı, Biberiye, Kinoa Yaprağı, Çuha Çiçeği, Mür Reçinesi, Ashwagandha, Ginkgo Biloba, Ginseng, Kara Mürver, Erguvan"
"Uyku kalitesini artırır, stresi azaltır ve sakinleştirici etki sağlar","Damiana, Defne Yaprağı, Pelin Otu, Paçuli, Çarkıfelek, Kediotu, Kuşburnu, Adaçayı, Ananas Adaçayı, Salvia Divinorum, Salvia Reuterana, Nane, Biberiye, Dağ Çayı, Lavanta, Turunç, Mercanköşk, Roma Papatyası, Karahindiba, Bergamot Nanesi, Bergamot, Dut Yaprağı, Nar Çekirdeği, İzmir Kekiği, Fesleğen, Gül, Melisa, Karayılan Otu, Kabak Çekirdeği"
Kan şekerini dengeler ve diyabet yönetimini destekler,"Beyaz Dut Yaprağı, Siyah Dut Yaprağı, Kudret Narı, Banaba, Çemen, Gurmar, Tarçın, Ginseng Türleri, Zeytin Yaprağı, Kekik, İğde Yaprağı, Ardıç, Isırgan, Yaban Mersini, Yayla Çayı, Havlıcan, Alpinia Malaccensis, Kuşburnu, Beyaz Zerdeçal, Ananas Adaçayı, Karahindiba, Mercanköşk, Kereviz"
Bağışıklık sistemini güçlendirir,"Kuşburnu, Yayla Çayı, Bergamot, Dut Yaprağı, Kereviz Yaprağı, Nar Çekirdeği Yağı, Yaban Mersini, Kekik, Beyaz Zerdeçal, Çam Sakızı, Karadut Yaprağı, Karahindiba Kökü, İzmir Kekiği"
Anti-enflamatuar etki göstererek vücuttaki iltihabı azaltır,"Zeytin, Yaban Mersini, Yayla Çayı, Beyaz Adaçayı, Monarda, Siyah Dut, Nar Çekirdeği Yağı, Havlıcan, Alpinia Malaccensis, Baykal Takkesi, Tıbbi Havlıcan, Zerumbet Havlıcanı, Şeftali Çekirdeği, Hedyotis Diffusa, Beyaz Zerdeçal, Mercanköşk, Kekik, Çam Reçinesi, Karahindiba"
Antioksidan etkisiyle hücreleri serbest radikallere karşı korur,"Kuşburnu, Zeytin, Yaban Mersini, Yayla Çayı, Havlıcan, Tıbbi Havlıcan, Zerumbet Havlıcanı, Şeftali Çekirdeği, Hedyotis Diffusa, Beyaz Zerdeçal, Mercanköşk, Kereviz, Karahindiba, Kekik, Dut Yaprağı, Çam Reçinesi, Nar Çekirdeği Yağı, Çin Yaban Değneği, Çörek Otu, Kızıl Yonca, Tarçın, Zerdeçal, Küçük Çayır Düğmesi"
"Solunum yollarını rahatlatır, üst solunum yolu şikayetlerini hafifletir","Havuç, Ihlamur, Ardıç, Çam, İncir, Ayva, Rezene, Yayla Çayı, Dut Yaprağı, Kuşburnu, Havlıcan, Küçük Havlıcan, Çam Sakızı, Kızılçam Reçinesi (Terementin), Tıbbi Havlıcan, Mercanköşk, Kekik, Beyaz Zerdeçal, Yaban Mersini, İzmir Kekiği, Nar, Üzüm"
Kanser hücrelerinin gelişimini önlemeye yardımcı olur,"Havlıcan, Zeytin, Yaban Mersini, Yayla Çayı, Kızılçam Reçinesi (Pinus Brutia), Kuşburnu Çekirdeği, Alpinia Malaccensis, Testere Palmiyesi (Beta-sitosterol), Baykal Takkesi, Aslan Kuyruğu, Hedyotis Diffusa, Beyaz Zerdeçal, Mercanköşk, Kekik, Dut Yaprağı, Nar Çekirdeği Yağı, Karahindiba"
"Hormonal dengeyi düzenler, adet ve menopoz semptomlarını hafifletir","Siyah Yılankökü, Kuşburnu, Aslan Kuyruğu, Nar Çekirdeği Yağı, Adaçayı Özü, Yaban Mersini, Nane, Havlıcan, Tıbbi Havlıcan, Şeftali Çekirdeği, Zedoarya, Mercanköşk, Mavi Yılan Kökü, Beyaz Zerdeçal, Kekik Çayı, Siyah Yılan Kökü, Karayılan Otu, İzmir Kekiği"
"Üriner sistem sağlığını destekler, idrar söktürür ve taş düşürmeye yardımcı olur","Biberiye, Maydanoz, Kereviz, Pıtrak, Mavi Yılan Kökü, Dut Yaprağı, Karahindiba, Kızılçam, Mercanköşk, Ananas Adaçayı, Cedvar, Kuşburnu, Zedoarya, Cüce Palmiye, Karahindiba Kökü"
"Zihinsel performansı, odaklanmayı ve hafızayı güçlendirir","Gül Suyu, Adaçayı, Havlıcan, Zerumbet Havlıcanı, Mercanköşk, Dut Yaprağı, Yaban Mersini, Kereviz Yaprağı, Bergamot, Karayılan Otu, Kekik (Karvakrol)"
Saç ve saç derisi sağlığını destekler,"Havlıcan, Su Nanesi, Badem, Latin Çiçeği, Nar, Keten, Kuşburnu, Beyaz Zerdeçal, Cüce Palmiye, Yaban Mersini Yaprağı"
Göz sağlığını ve görme yetisini korur,"Papatya, Rezene, Marul, Kereviz, Fesleğen, Kızıl Gül, Servi, Yaban Mersini, Karahindiba, Cüce Palmiye Kökü"
Antimikrobiyal etkisiyle bakteri ve virüslere karşı koruma sağlar,"Havlıcan, Zeytin, Yaban Mersini, Yayla Çayı, Siyah Dut, Alpinia Malaccensis, Üzerlik Otu, Tıbbi Havlıcan, Zedoarya, Mercanköşk, Kekik, Beyaz Zerdeçal, Çam Reçinesi, Adaçayı, Bergamot, Kızılçam, İzmir Kekiği"
Laktasyonu destekler ve anne sütü üretimini artırır,"Anason, Rezene, Çemen, Fesleğen, Kuşburnu"
Prostat sağlığını korur ve destekler,"Cüce Palmiye, Bitki Sterolleri, Prunus Türleri"
Kemik yapısını güçlendirir ve osteoporoza karşı korur,"Kuşburnu, Kara Yılan Otu, Çam türleri (Pinus sp., Pinus pinea), Dut Yaprağı, Karadut Yaprağı, Yaban Mersini, Karahindiba Çayı, Beyaz Dut Yaprağı"
Ağız ve diş sağlığını korur,"Karanfil, Kuşburnu, Nar, Beyaz Zerdeçal, Karadut Yaprağı, Çam Sakızı, Kekik Çayı"
Anemi semptomlarını hafifletir ve kan yapımını destekler,"Kuşburnu, Dut Yaprağı, Beyaz Zerdeçal"
Sindirim sistemi sağlığını destekler ve mide-bağırsak fonksiyonlarını düzenler,"Badem Yağı, Kuşburnu, Sakız Ağacı, Avrupa Yabani Zencefili, Kanada Yılan Otu, Kuyruklu Yılan Otu, Nane, At Nanesi, Tıbbi Nane, Küçük Çayır Düğmesi, Su Nanesi, Misk Adaçayı, Anadolu Kestanesi, Kekik, Tatlı Mercanköşk, Meyan Kökü, Kişniş, Kimyon, Rezene, Sedef Otu, Turunç, Yenibahar, Çemen, Sığla, Yabani Yam, Damla Sakızı, Beyaz Biber, Hardal Tohumu, Çayır Düğmesi, Adaçayı, Karanfil, Hardal, Hint Yağı Bitkisi, Akdiken, Keten Tohumu, Kroton Yağı, Kestane (Kabuk ve Yaprak), Sarı Hardal Tohumu, Kestane Yaprağı, Ceviz, Anadolu Adaçayı, Hayıt, Aslanpençesi, Meşe Kabuğu, Kestane, Testere Dişli Aslanpençesi, Mercanköşk, Kekik Yağı"
"Ağız ve diş sağlığını korur, enfeksiyon ve ağrıları hafifletir","Karadut Şurubu, Hardal, Nane, Asya Yabani Zencefili, Yenibahar, Siyah Hardal Tohumu, Karanfil, Sedef Otu, Sığla, Adaçayı, Beyaz Biber, Yabani Zencefil"
"Cilt sağlığını korur, doku yenilenmesini destekler ve yara iyileşmesini hızlandırır","Kuşburnu, İğde, Sakız Ağacı, Kanada Yılan Otu, Asya Yabani Zencefili, Üzüm, Eclipta (Yalancı Karatohum), Aslanpençesi, Sarı Kantaron, Pamuk, Tatlı Mercanköşk, Gümüşi Adaçayı, Centella Asiatica (Gotu Kola), Siyah Hardal Tohumu, Çemen, Sığla, Anadolu Adaçayı, Sığla Yağı, Çayır Düğmesi, Meşe Kabuğu, Kırmızı Yonca, Küçük Çayır Düğmesi, Büyük Kanotu, Adaçayı, Turnagagası, Avrupa Yabani Zencefili, Meşe Mazısı, Kekik, Çay Ağacı, Eşek Otu, Sophora Flavescens (Acı Kök), Hardal, Ceviz, Hayıt, Mercanköşk, Damla Sakızı, Cadı Fındığı, Beyaz Biber, Yabani Yam, Niasin, Tıbbi Aslanpençesi, Su Nanesi, Gotu Kola, Kafur, Kızıl Yonca"
Sinir sistemi sağlığını ve bilişsel fonksiyonları destekler,"Çam Sakızı, Hardal, Anadolu Adaçayı, Hayıt, Yabani Yam, Ginkgo Biloba, Küçük Çayır Düğmesi, Avrupa Yabani Zencefili, Asya Yabani Zencefili, Mercanköşk, Ceviz, Sığla Yağı, Niasin, Karabaş Otu, Kestane, Sakız Ağacı, Turnagagası, Adaçayı, Misk Adaçayı, Kafur, Tütsü, Sığla, Avrupa Yaban Değneği, Çin Yaban Değneği, At Nanesi, Su Nanesi, Yarpuz, Asya Yaban Değneği, İspanyol Adaçayı"
Hormonal dengeyi düzenler ve üreme sistemi sağlığını destekler,"Kuşburnu, Fındık Yağı, Çayır Üçgülü, Hayıt, Kızıl Yonca, Yenibahar, Çayır Düğmesi, Yabani Yam, Çemen Otu, Adaçayı, Avrupa Yabani Zencefili, Kanada Yılan Otu, Yarpuz, Su Nanesi, Küçük Çayır Düğmesi, Misk Adaçayı, Aslanpençesi, Kekik, Eşek Otu, Anadolu Adaçayı, Siyah Hardal Tohumu, Sedef Otu, Çemen, Cüce Palmiye, Rezene, Şevketibostan, Anason, Kişniş, Afşar Otu, Mercanköşk, Kestane, Tütsü, Testere Dişli Aslanpençesi, Kokar Sedef Otu, Bahçe Sedef Otu, Kanada Yaban Değneği (Asarum Canadense), Avrupa Yaban Değneği, Tarçın, Nane, Tıbbi Aslanpençesi, Kırmızı Yonca, Tıbbi Adaçayı"
Genel vücut sağlığını ve uzun ömürlülüğü destekler,Kabuk Zencefili
Negatif enerjiyi temizleyerek ortamın enerjisini arındırır,"Adaçayı, Pelin Otu, Sedir, Ardıç, Beyaz Adaçayı"
Vücudu toksinlerden arındırarak detoks etkisi sağlar ve kanı temizler,"Beyaz Dut Yaprağı, Beyaz Zerdeçal, Tıbbi Sülük, Yabani Yam, Kızıl Yonca, Kırmızı Yonca, Niasin"
Antienflamatuar ve antimikrobiyal koruma sağlayarak enfeksiyon riskini azaltır,"Misk Adaçayı, Aslanpençesi, Karanfil, Kekik, Mate, At Kestanesi, Tatlı Mercanköşk, Su Nanesi, Yenibahar, Mercanköşk, Sedef Otu, Beyaz Biber, Yabani Yam, Çemen Otu, Ceviz, Anadolu Adaçayı, Yabani Zencefil, Meşe Kabuğu, Çobanpüskülü, Hardal Tohumu, Kızıl Yonca, Kestane Yaprağı, Yeşil Ceviz Kabuğu, Fesleğen, Su Yamı, Dikenli Yam, Küçük Çayır Düğmesi, Tıbbi Nane, Afrika Sardunyası, Hint Yağı Bitkisi, Mersin, Çay Ağacı, Salvia Prionitis, Kanarya Adası Adaçayı, Salvia Albocaerula, Forsskål Adaçayı, Yünlü Adaçayı, Tıbbi Adaçayı, Fındık, Tarçın, Üzerlik, Sakız Ağacı, Avrupa Yabani Zencefili, Asya Yabani Zencefili, Hayıt, Kuyruklu Yılan Otu, Anadolu Kestanesi, Gümüşi Adaçayı, Salvia Blepharochlyna, Çok Saplı Adaçayı, Nane, Hardal, Sığla"
Hücreleri oksidatif strese karşı korur ve sağlıklı hücresel gelişimi destekler,"Yeşil Çay, Kekik, Fesleğen, Küçük Çayır Düğmesi, Dikenli Yam, Hava Patatesi, Misk Adaçayı, Anadolu Kestanesi, Karanfil, Tatlı Mercanköşk, Pasifik Porsuğu, Çay Ağacı, Su Nanesi, Fındık Yaprağı, Çemen, Sedef Otu, Hardal, Yenibahar, Ceviz, Anadolu Adaçayı, Hayıt, Sakız Ağacı, Karabaş Otu, Çobanpüskülü, Siyah Üzüm, Üzüm Çekirdeği Ekstraktı, Asya Yabani Zencefili, Himalaya Yılan Otu, Avrupa Yabani Zencefili, Kestane Yaprağı, Niasin, Kestane, Su Yamı, Aslanpençesi, Mate, Gümüşi Adaçayı, Ceviz (Yaprak ve Kabuk), Meşe Kabuğu, Yam, Seylan Tarçını, Sığla Yağı, Tatlı Patates, Beyaz Biber, Çemen Otu"
Kan şekeri seviyelerini düzenleyerek diyabet yönetimine yardımcı olur,"Çemen Otu, Kestane Yaprağı, Üzüm, Su Yamı, Hava Patatesi, Dikenli Yam, Aslanpençesi, Kekik, Tatlı Mercanköşk, Su Nanesi, Sedef Otu, Hardal, Ceviz, Anadolu Adaçayı, Biberiye, Tarçın, Çin Tarçını, Damla Sakızı, Yenibahar, Adaçayı, Niasin, Sakız Ağacı"
"Solunum sistemi sağlığını destekler, öksürük ve nefes darlığını hafifletir","Kestane Yaprağı, Avrupa Yabani Zencefili, Kanada Yılan Otu, Asya Yabani Zencefili, Misk Adaçayı, Anadolu Kestanesi, Kekik, Karanfil, Ebegümeci, Hatmi, Ihlamur, Mersin, Okaliptüs, Afrika Sardunyası, Tatlı Mercanköşk, Gümüş Adaçayı, Su Nanesi, Yenibahar, Karahindiba, Nane, Çemen, Hardal, Anadolu Adaçayı, Sedef Otu, Sığla, Yabani Yam, Damla Sakızı, Kekik Yağı, Nane Yağı, Kırmızı Yonca, Ceviz İç Zarı, Karabaş Otu, Kafur"
Vücut ağrılarını dindirir ve doğal analjezik etki sağlar,"Asya Yabani Zencefili, Himalaya Yılan Otu, Kuyruklu Yılan Otu, Tıbbi Nane, Yarpuz, Küçük Çayır Düğmesi, Su Nanesi, Yenibahar, Karanfil, Kekik, Nane, Sedef Otu, Nane Yağı, Kekik Yağı, Hardal Tohumu, Kafur"
"Kardiyovasküler sistemi destekler, tansiyon ve kolesterolü dengeler","Üzüm, Üzüm Çekirdeği Yağı, Kanada Yılan Otu, Avrupa Yabani Zencefili, Sakız Ağacı, Kekik, Su Yamı, Tatlı Mercanköşk, Siyah Hardal Tohumu, Mercanköşk, Çemen, Sedef Otu, Damla Sakızı, Seylan Tarçını, Yenibahar, Adaçayı, Niasin, Kestane, Yabani Yam, Sarımsak, Asya Yabani Zencefili, Baklagiller, Anadolu Kestanesi, Misk Adaçayı, Anadolu Adaçayı, Hardal Tohumu, Tarçın, Beyaz Biber, Çobanpüskülü, Yabani Zencefil, Siyah Üzüm, Kırmızı Şarap, Hardal, Mate, Turunç, Kırmızı Adaçayı, Ceviz, Kırmızı Yonca, Sarı Hardal Tohumu"
Karaciğer fonksiyonlarını destekler ve toksik maddelere karşı koruma sağlar,"Sakız Ağacı, Asya Yabani Zencefili, Aslanpençesi, Anadolu Kestanesi, Kekik, Karanfil, Tatlı Mercanköşk, Tıbbi Nane, Su Nanesi, Çemen, Ceviz, Enginar, Turnagagası, Fındık Yaprağı"
Böbrek ve boşaltım sistemi fonksiyonlarını destekler,"Aerva Lanata, Ammania Baccifera, Bergenia Ligulata, Boerhavia Diffusa, Bryophyllum Pinnatum, Crateva Nurvala, Costus Spiralis, Herniaria Hirsuta, Holarrhena Antidysenterica, Kekik, Taş Kıran Otu, Sakız Ağacı, Aslanpençesi, Hardal, Damla Sakızı, Meşe Kabuğu, Çayır Düğmesi, Kızıl Yonca, Turnagagası, Afşar Otu, Kanada Yılan Otu, Asya Yabani Zencefili, Yarpuz, Yeşil Nane, At Nanesi, Ihlamur, Frenk Kimyonu, Maydanoz, Kola, Çay, Melek Otu, Anadolu Adaçayı, Hayıt, Çemen, Sedef Otu, Çobanpüskülü, Yabani Zencefil, Çörek Otu, Seylan Tarçını, Tarla Aslanpençesi, Tüylü Fıtık Otu, İstanbul Kekiği, Taşkıran Otu"
Bağışıklık sistemini güçlendirerek vücut direncini artırır,"Ginseng, Üzüm Çekirdeği ve Kabuğu, Ceviz Polifenolleri, Fındık Yaprağı, Sarı Hardal Tohumu, Fındık Kabuğu, Yenibahar, Kekik, Turnagagası, Karanfil, Kafur, Niasin, Kestane, Çobanpüskülü"
Saç ve saç derisi sağlığını besleyerek gelişimini destekler,"Meşe Mazısı, Sarımsak, Soğan, Hibiskus, Çemen Otu, Üzüm, Asya Yabani Zencefili, Hardal, Ceviz Kabuğu ve Yaprağı, Karanfil, Mercanköşk, Misk Adaçayı, Su Nanesi, Cadı Fındığı, Damla Sakızı, Kekik Yağı, Nane Yağı"
"Sinir sistemini yatıştırır, stres ve anksiyete semptomlarını hafifletir","Misk Adaçayı, Ihlamur, Çarkıfelek, Kedi Otu, Şeytan Otu, Tatlı Mercanköşk, Sarı Kantaron, Beyaz Biber, Sığla Yağı, Hayıt, Adaçayı (Tütsü), Çemen Otu, Siyah Hardal Tohumu, Ak Hardal, Sarı Hardal Tohumu"
Vücut ısısını dengeleyerek ateşin düşürülmesine yardımcı olur,"Kanada Yılan Otu, Kuyruklu Yılan Otu, Asya Yabani Zencefili, Himalaya Yılan Otu, Anadolu Kestanesi, Kekik, Su Nanesi, Çemen, Söğüt, Kestane Kabuğu, Çobanpüskülü, Yabani Zencefil"
İskelet ve eklem sistemini güçlendirerek kemik sağlığını korur,"Su Yamı, Çayır Üçgülü, Karanfil, Kekik, Mercanköşk, Kestane, Yam, Kestane Yaprağı, Hardal, Anadolu Adaçayı, Yabani Yam, Meşe Kabuğu, Fındık Yağı, Yenibahar"
Kas gerginliğini ve spazmları gidererek fiziksel rahatlama sağlar,"Tıbbi Nane, Su Nanesi, Misk Adaçayı, Tarçın, Hardal, Aslanpençesi, Kekik, Rezene, Kimyon, Tatlı Mercanköşk, Mercanköşk, Kırmızı Yonca, Yenibahar"
Haşerelere karşı doğal koruyucu bariyer oluşturur,"Yarpuz, At Nanesi, Kafur, Hayıt, Mercanköşk, Tütsü"
Vücudun vitamin ve mineral dengesini destekler,Niasin
Uyku kalitesini artırarak uykusuzluk problemlerini giderir,"Üzüm, Vişne, Muz, Mısır, Ceviz, Yenibahar, Kekik, Nane, Mercanköşk"
Laktasyon sürecini düzenleyerek anne sütü üretimini destekler,Bulunmamaktadır
Metabolizmayı hızlandırarak kilo kontrolüne yardımcı olur,"Hardal, Çemen Otu, Anadolu Adaçayı, Yenibahar, Karanfil, Beyaz Biber, Aslanpençesi"
Göz sağlığını ve fonksiyonlarını destekler,"Adaçayı Müsilajı, Kekik, Sedef Otu, Tatlı Patates, Jaborandi"
Hemoroid semptomlarını hafifletir,"Sığla, Tarçın"
Gebelik sonlandırıcı (abortifasient) etki gösterir,Yarpuz
Vücuda enerji verir ve fiziksel yorgunluğu giderir,"Anadolu Kestanesi, Çay, Kola, Koka, Ginseng, Beyaz Biber"
Antiparaziter koruma sağlayarak iç parazitlerle mücadele eder,"Sakız Ağacı, Kanada Yılan Otu, Asya Yabani Zencefili, Yarpuz, Yeşil Nane, Su Nanesi, Ceviz Kabuğu, Kıvırcık Nane, Nane, Deniz Pelini"
Lenf sistemi sağlığını destekler,Kırmızı Yonca
"Ağız ve diş sağlığını korur, ağız hijyeni sağlar","Asya Yaban Değneği, Nane, Sarımsak, Yarpuz, Kanada Yaban Değneği (Asarum Caudatum), Avrupa Yaban Değneği, Çin Yaban Değneği, Himalaya Yaban Değneği, Kafur, Tarçın, Yabani Zencefil, Tıbbi Nane"
Ağrı dindirici ve analjezik etki sağlar,"Anadolu Adaçayı, Kanada Yaban Değneği (Asarum Caudatum), Çin Yaban Değneği, Himalaya Yaban Değneği, Asya Yaban Değneği, Bahçe Nanesi, Hindistan Bektaşi Üzümü, Kafur, Kızıl Yonca, Nane, Nane Yağı, Bahçe Sedef Otu, Su Nanesi, Yalancı Şahtere, Yarpuz, Aslanpençesi (Alchemilla filicaulis), Aslanpençesi, Aslanpençesi (Alchemilla woodii), Afşar Otu, Çörek Otu, Çayır Düğmesi Kökü, Yabani Zencefil, Mercanköşk, Avrupa Yaban Değneği, Kanada Yaban Değneği (Asarum Canadense)"
Cilt sağlığını ve dokusunu destekler,"Adaçayı, Itır Otu, Kızıl Yonca, Mercanköşk, Tıbbi Aslanpençesi, Aslanpençesi, Çayır Üçgülü, Kafur, Nane Yağı, Çayır Düğmesi Kökü, Kırtıl Tetrasiklin"
Anti-enflamatuvar etkisiyle vücuttaki iltihabı azaltır,"Anadolu Adaçayı, Çin Yaban Değneği, Asya Yaban Değneği, Aslanpençesi, Bahçe Nanesi, Çörek Otu, Hibiskus, Hindistan Bektaşi Üzümü, Kafur, Mercanköşk, Kırtıl Tetrasiklin, Kızıl Yonca, Nane, Nane Yağı, Bahçe Sedef Otu, Sarımsak, Soğan, Su Nanesi, Tarçın, Yarpuz, Zerdeçal, Tıbbi Nane, Karabiber"
Antimikrobiyal ve enfeksiyon karşıtı koruma sağlar,"Anadolu Adaçayı, Afşar Otu, Avrupa Yaban Değneği, Çin Yaban Değneği, Asya Yaban Değneği, Aslanpençesi (Alchemilla Ellenbergiana), Turnagagası, Kafur, Kızıl Yonca, Mercanköşk, Nane, Bahçe Sedef Otu, Tarçın, Yabani Zencefil, Kanada Yaban Değneği (Asarum Caudatum), Su Nanesi"
Kan şekerini dengeler ve antidiyabetik destek sağlar,"Adaçayı, Aslanpençesi, Anadolu Adaçayı, Seylan Tarçını, Çemen Otu, Hibiskus, Tıbbi Nane, Mercanköşk, Bahçe Sedef Otu, Sarımsak, Soğan, Tarçın, Üzüm"
Antikanserojen etkilerle hücresel sağlığı korur,"Anadolu Adaçayı, Afşar Otu, Çin Yaban Değneği, Çemen Otu, Turnagagası, Kafur, Kızıl Yonca, Küçük Çayır Düğmesi, Su Nanesi, Tıbbi Nane, Mercanköşk, Sedef Otu, Sarımsak, Sarı Sabır (Sophora), Tarçın, Üzüm, Karabiber, Avrupa Yaban Değneği"
Kas spazmlarını ve krampları giderir (antispazmodik etki),"Aslanpençesi, Diş Otu, Şeytan Otu, Mercanköşk, Sedef Otu, Ihlamur, Su Nanesi, Nane, Tıbbi Nane"
"Ruh sağlığını destekler, stres ve anksiyeteyi hafifletir","Girit Mercanköşkü, Çoban Püskülü (Su ile Yıkama), Sedef Otu, Adaçayı, Nane, Okaliptüs, Çoban Püskülü, Kızıl Yonca, Mercanköşk, Tarçın, Zencefil, Üç Yapraklı Yonca, Kanada Yaban Değneği (Asarum Caudatum), Üzerlik, Aslanpençesi, Beyaz Adaçayı, Kafur, Sedir, Seylan Tarçını, Sarı Kantaron, Su Nanesi, Çarkıfelek, Bahçe Sedef Otu, Ihlamur, At Nanesi, Yarpuz, Tıbbi Nane, Çin Yaban Değneği"
Solunum yolu sağlığını destekler ve nefes almayı rahatlatır,"Anadolu Adaçayı, Afşar Otu, Çayır Düğmesi, Ebucehil Karpuzu, Okaliptüs, Ginkgo Biloba, Hibiskus, Çoban Püskülü, Kafur, Kızıl Yonca, Mercanköşk, Nane, Sedef Otu, Tarçın, Yalancı Şahtere, Yabani Zencefil, Avrupa Yaban Değneği, Asya Yaban Değneği, Avrupa Cezayir Menekşesi, Hatmi, Kanada Yaban Değneği (Asarum Canadense), Himalaya Yaban Değneği, Çayır Üçgülü, Ebegümeci, Mersin, Sarımsak, Soğan, Ihlamur, Yarpuz, Bal, Çin Yaban Değneği, Kara Hardal, Mentol, Tıbbi Nane"
Doğal haşere kovucu ve koruyucu etki sağlar,"Afşar Otu, At Nanesi, Turnagagası, Kafur, Mercanköşk, Tarçın, Neem, Yarpuz"
"Kas, eklem ve romatizmal ağrıları hafifletir","Anadolu Adaçayı, Nane, Yarpuz, Adaçayı, Kafur, Mercanköşk, Çoban Püskülü, Kızıl Yonca, Bahçe Sedef Otu, Söğüt Kabuğu, Çin Yaban Değneği, Asya Yaban Değneği, Himalaya Yaban Değneği, Kanada Yaban Değneği (Asarum Caudatum), Ak Söğüt Kabuğu, Avrupa Yaban Değneği, Kanada Yaban Değneği (Asarum Canadense), Su Nanesi, Tıbbi Nane, Siyah Hardal Tohumu, Karanfil, Sedef Otu, Kuşburnu, Şeytan Pençesi, Zencefil Kökü, Akgünlük, Kara Hardal"
Vücuttaki ödemin atılmasını sağlar ve boşaltım sistemini destekler,"Tarla Aslanpençesi, Yalancı Aslanpençesi, Aslanpençesi, Anadolu Adaçayı, Melek Otu, At Nanesi, Seylan Tarçını, Turunç, Çayır Düğmesi, Çoban Püskülü, Hibiskus, Kıvırcık Nane, Kızıl Yonca, Su Nanesi, Mercanköşk, Bahçe Sedef Otu, Sarımsak, Soğan, Ihlamur, Yabani Zencefil, Yarpuz, Çayır Üçgülü, Kanada Yaban Değneği (Asarum Canadense), Çin Yaban Değneği, Asya Yaban Değneği, Bahçe Nanesi"
"Kalp-damar sağlığını korur, tansiyon ve kolesterolü dengeler","Adaçayı, Çoban Püskülü, Tarçın, Anadolu Adaçayı, Baklagiller, Tüylü Nane, Sarımsak, Çemen Otu, Kanada Yaban Değneği (Asarum Canadense), Avrupa Yaban Değneği, Üzüm, Su Nanesi, Çin Yaban Değneği, Asya Yaban Değneği, Yohimbin"
Metabolizmayı düzenler ve kilo kontrolüne yardımcı olur,"Tıbbi Aslanpençesi, Kimyon, Mate, Yaban Nanesi, Zeytin, Karanfil, Hardal Tohumu, Yenibahar, Çemen Otu, Kanada Yaban Değneği (Asarum Canadense)"
Saç sağlığını destekler ve dökülmeyi önlemeye yardımcı olur,"Kore Melek Otu, Çin Yaban Değneği, Asya Yaban Değneği, Biberiye, Ebucehil Karpuzu, Çemen Otu, Yalancı Şahtere, Ginkgo Biloba, Hibiskus, Hindistan Bektaşi Üzümü, Lavanta, Nane, Sarımsak, Soğan, Sarı Sabır (Sophora), Üzüm Çekirdeği"
Toksinlere ve dış etkilere karşı vücudu korur,"Seylan Tarçını, Küçük Çayır Düğmesi, Nane, Sedef Otu, Su Nanesi, Yarpuz"
Cilt dokusunu onarır ve yara iyileşme sürecini hızlandırır,"Bal, Kanada Yaban Değneği (Asarum Canadense), Kanada Yaban Değneği (Asarum Caudatum), Asya Yaban Değneği, Sarı Kantaron, Küçük Çayır Düğmesi, Avrupa Yaban Değneği"
Sinir sistemini yatıştırır ve nörolojik sağlığı destekler,"Avrupa Yaban Değneği, Çin Yaban Değneği, Yarpuz, Su Nanesi, At Nanesi, Tarla Lahanası, Kara Hardal"
Uyku kalitesini artırır ve uyku düzenini sağlar,Kanada Yaban Değneği (Asarum Caudatum)
Kadın üreme sağlığını ve hormonal dengeyi destekler,"Yarpuz, Nane, Su Nanesi, Prostaglandin F2α Türevleri, Oksitosin"
Vücudu parazitlerden arındırmaya yardımcı olur,"Nane, Bahçe Nanesi, Su Nanesi, Yarpuz, Tıbbi Nane"
Cilt kaşıntısını ve irritasyonunu hafifletir,Tıbbi Nane
Kemik sağlığını destekler ve mineral emilimini artırır,Yasemin
Böbrek sağlığını ve fonksiyonlarını destekler,"Aerva Lanata, Ammania Baccifera, Bergenia Ligulata, Boerhavia Diffusa, Bryophyllum Pinnatum, Crateva Nurvala, Costus Spiralis, Tüylü Fıtık Otu, Holarrhena Antidysenterica, İstanbul Kekiği, Taşkıran Otu, Çörek Otu, Çörek Otu (Timokinon İçerikli)"
İştah artırıcı etkisiyle beslenmeyi destekler,"Karabiber, Beyaz Biber, Küçük Çayır Düğmesi"
Bilişsel işlevleri iyileştirir ve hafızayı güçlendirir,"Mercanköşk, Asya Yaban Değneği"
"Analjezik etkisiyle vücut, eklem, kas ve baş ağrılarını hafifletir","Mercanköşk, Çin Yaban Değneği, Asya Yaban Değneği, Himalaya Yaban Değneği, Tarla Lahanası, Kara Hardal, Sedef Otu, Lahana Türleri, Tatlı Mercanköşk, Siyah Hardal Tohumu, Karanfil, Yenibahar, Hardal Tohumu, Adaçayı, Nane, Kafur, Karanfil Çayı, Anadolu Adaçayı, Beyaz Biber"
Sindirim sistemini düzenler ve sindirim sağlığını destekler,"Küçük Çayır Düğmesi, Avrupa Yaban Değneği, Tarla Lahanası, Yalancı Aslanpençesi, Tarla Aslanpençesi, Sedef Otu, Kara Hardal, Hayıt, Hardal Tohumu, Lahana Türleri, Tıbbi Aslanpençesi, Su Nanesi, Tatlı Mercanköşk, Tıbbi Nane, Hibiskus, Bektaşi Üzümü, Seylan Tarçını, Anadolu Adaçayı, Ihlamur Odunu Kömürü, Kişniş, Frenk Kimyonu, Anason, Rezene, Melek Otu, Karanfil, Yenibahar, Mercanköşk, Çemen, Adaçayı, Nane, Çayır Düğmesi, Sarı Hardal Tohumu, Nar Kabuğu, Akdiken, Hint Yağı, Kroton Yağı, Keten Tohumu, Turunç, Asma Şarabı"
Hormonal dengeyi düzenleyerek kadın sağlığını ve menstrüel süreci destekler,"Küçük Çayır Düğmesi, Avrupa Yaban Değneği, Kanada Yaban Değneği (Asarum Canadense), Çemen Otu, Soğan, Biberiye, Anadolu Adaçayı, Hayıt, Kızıl Yonca, Çin Melek Otu, Civanperçemi, Tıbbi Aslanpençesi, İnce Saplı Aslanpençesi, Çayır Üçgülü, Kırmızı Yonca, Aslanpençesi, Karanfil, Mercanköşk, Hayıt Otu, Adaçayı, Siyah Hardal Tohumu, Yenibahar, Çayır Düğmesi"
"Sinir sistemi sağlığını destekler, stresi azaltır ve sakinleştirici etki sağlar","Avrupa Yaban Değneği, Kanada Yaban Değneği (Asarum Canadense), Çin Yaban Değneği, Tarla Lahanası, Kara Hardal, Yenibahar, Tıbbi Lavanta, Anadolu Adaçayı, Hayıt, Çarkıfelek, Melatonin İçeren Gıdalar (Mısır Gevreği), Vişne, Vb., Ihlamur, Sedef Otu, Tatlı Mercanköşk, Sarı Kantaron, Karanfil, Mercanköşk, Hardal Tohumu, Siyah Hardal Tohumu"
"Kardiyovasküler sağlığı korur, tansiyon ve kolesterol dengesini destekler","Asya Yaban Değneği, Küçük Çayır Düğmesi, Sarımsak, Biberiye, Anadolu Adaçayı, Seylan Tarçını, Çin Yaban Değneği, Lahana Sebzeleri, Hayıt, Melatonin Kaynaklı Gıdalar, Hardal Tohumu, Siyah Hardal Tohumu, Karanfil, Tatlı Mercanköşk, Tıbbi Nane, Dişotu, Tıbbi Aslanpençesi, Tarçın, At Kestanesi, Yenibahar, Mercanköşk, Çemen"
Saç ve saç derisi sağlığını güçlendirerek gelişimini destekler,"Sarımsak, Soğan, Hibiskus, Çemen Otu, Asya Yaban Değneği, Üzüm, Sophora Flavescens (Acı Kök), Ebu Cehil Karpuzu, Bektaşi Üzümü, Yalancı Papatya, Argan, Ginkgo Biloba, Kore Melek Otu, Biberiye, Lavanta, Tarla Lahanası, Kara Hardal, Siyah Hardal Tohumu, Isırgan Otu"
Vücuttaki iltihabı giderici (anti-enflamatuvar) etki sağlar,"Sarımsak, Soğan, Hibiskus, Çemen Otu, Asya Yaban Değneği, Sophora Flavescens (Acı Kök), Ebu Cehil Karpuzu, Bektaşi Üzümü, Ginkgo Biloba, Kore Melek Otu, Biberiye, Tıbbi Lavanta, Anadolu Adaçayı, Seylan Tarçını, Tarla Lahanası, Tıbbi Aslanpençesi, Sedef Otu, Hayıt, Melatonin Kaynaklı Gıdalar, Karanfil, Yenibahar, Mercanköşk, Aslanpençesi, Büyük Çayır Düğmesi"
Hücresel hasara karşı güçlü antioksidan koruma sağlar,"Sarımsak, Soğan, Hibiskus, Çemen Otu, Üzüm, Ebu Cehil Karpuzu, Yalancı Papatya, Kore Melek Otu, Biberiye, Tıbbi Lavanta, Anadolu Adaçayı, Seylan Tarçını, Tarla Lahanası, Kara Hardal, Tıbbi Aslanpençesi, Yenibahar, Sedef Otu, Hayıt, Domates, Kırmızı Biber, Ceviz"
Kan şekerini düzenleyerek metabolik sağlığı ve diyabet yönetimini destekler,"Sarımsak, Soğan, Hibiskus, Çemen Otu, Ebu Cehil Karpuzu, Yalancı Papatya, Ginkgo Biloba, Biberiye, Anadolu Adaçayı, Seylan Tarçını, Tarla Lahanası, Kara Hardal, Tıbbi Aslanpençesi, Tarçın, Sedef Otu, Hardal Tohumu, Zeytin, Uzun Yapraklı Nane, Kimyon, Tatlı Mercanköşk, Karanfil, Yenibahar, Çemen, Adaçayı, Karanfil Çayı, Turnagagası"
"Bilişsel fonksiyonları, hafızayı ve zihinsel odaklanmayı güçlendirir","Biberiye, Anadolu Adaçayı, Seylan Tarçını, Turnagagası, Avrupa Yabani Zencefili, İspanyol Adaçayı, Nane, Tıbbi Adaçayı, Karanfil"
Anti-kanserojen özellikleri ile hücresel koruma sağlar,"Sarımsak, Çemen Otu, Sophora Flavescens (Acı Kök), Ebu Cehil Karpuzu, Ginkgo Biloba, Kore Melek Otu, Biberiye, Tıbbi Lavanta, Anadolu Adaçayı, Seylan Tarçını, Tarla Lahanası, Kara Hardal, Tıbbi Aslanpençesi, Yenibahar, Sedef Otu, Hayıt, Siyah Hardal Tohumu, Kafur, Karanfil, Hardal Tohumu, Çoban Püskülü, Şerbetçiotu"
Mikroorganizmalara karşı güçlü antimikrobiyal koruma sağlar,"Sarımsak, Soğan, Hibiskus, Ebu Cehil Karpuzu, Bektaşi Üzümü, Biberiye, Tıbbi Lavanta, Anadolu Adaçayı, Hayıt, Seylan Tarçını, Tarla Lahanası, Kara Hardal, Tıbbi Aslanpençesi, Yenibahar, Sedef Otu"
Mantar enfeksiyonlarına karşı antifungal koruma sağlar,"Sarımsak, Üzüm, Biberiye, Tıbbi Lavanta, Anadolu Adaçayı, Hayıt, Seylan Tarçını, Tarla Lahanası, Kara Hardal, Hardal Tohumu"
Cinsel sağlığı ve hormonal dengeyi destekler,Çemen Otu
Böbrek ve üriner sistem sağlığını koruyarak idrar yollarını destekler,"Sarımsak, Seylan Tarçını, Lahana Türleri, Tarla Aslanpençesi"
Karaciğer sağlığını koruyucu (hepatoprotektif) etki sağlar,"Hibiskus, Ebu Cehil Karpuzu, Bektaşi Üzümü, Yalancı Papatya, Seylan Tarçını"
Solunum yolu sağlığını destekler ve solunum yollarını rahatlatır,"Sarımsak, Soğan, Anadolu Adaçayı, Seylan Tarçını, Tarla Lahanası, Kara Hardal, Sedef Otu, Siyah Hardal Tohumu, Su Nanesi, Tatlı Mercanköşk, Tıbbi Nane, Okaliptüs, Kafur, Laden, Ebegümeci, Ihlamur, Afrika Sardunyası, Mersin, Karanfil, Yenibahar, Mercanköşk, Çemen, Hardal Tohumu"
Vücuttaki ödemin atılmasını destekleyen diüretik (idrar söktürücü) etki sağlar,"Sarımsak, Soğan, Hibiskus, Anadolu Adaçayı, Hayıt, Seylan Tarçını, Tarla Lahanası, Kara Hardal, Yalancı Aslanpençesi, Tarla Aslanpençesi, Tıbbi Aslanpençesi, Çay, Ihlamur, Kola, Melek Otu, Adaçayı, Çayır Düğmesi, Kızıl Yonca"
"Cilt sağlığını destekler, doku onarımını ve yenilenmesini hızlandırır","Üzüm, Yalancı Papatya, Anadolu Adaçayı, Çayır Üçgülü, Tıbbi Aslanpençesi, Yumuşak Aslanpençesi, Tarla Lahanası Tohum Yağı, Sarı Yeşil Aslanpençesi, Çay, Kola, Nar, Siyah Hardal Tohumu, Ebegümeci, Sarı Kantaron, Afrika Sardunyası, Gotu Kola, Tatlı Mercanköşk, Aslanpençesi, Çemen, Büyük Çayır Düğmesi, Karanfil, Sardunya Robert, Hardal Tohumu, Adaçayı, Mercanköşk, Nane, Itır Otu, Kızıl Yonca, Yenibahar, Kırmızı Yonca, Kokar Sedefotu, Kafur, Turnagagası, Hayıt, Küçük Çayır Düğmesi, Testere Dişli Aslanpençesi"
Virüslere karşı güçlü antiviral koruma sağlar,"Lahana Sebzeleri, Hayıt"
Vücuttaki toksinlerin atılmasına yardımcı olur ve detoks etkisi sağlar,"Tarla Lahanası, Sedef Otu, Hayıt"
Göz sağlığını korur ve görme fonksiyonlarını destekler,Jaborandi Yaprağı
Ağız ve diş sağlığını destekleyerek antiseptik koruma sağlar,"Karanfil Esansı, Tıbbi Nane, Karanfil, Yenibahar, Aslanpençesi"
Düşük yaptırıcı (abortifasif) etki gösterebilir,"Sedef Otu, Pamuk Kök Kabuğu"
Enerji seviyelerini ve fiziksel dayanıklılığı artırır,"Beyaz Biber, Üzerlik, Kola"
Kemik mineral yoğunluğunu ve iskelet sağlığını destekler,"Karanfil, Hayıt"
Uyku kalitesini artırır ve uykusuzluk problemlerini gidermeye yardımcı olur,"Yenibahar, Mercanköşk, Aslanpençesi, Lavanta, Papatya"
Üriner sistem sağlığını destekler ve doğal diüretik etkisiyle ödem atılmasına yardımcı olur,"Hardal Tohumu, Aslanpençesi, Yenibahar, Hayıt, Çayır Düğmesi, Yabani Zencefil, Çoban Püskülü, Afşar Otu, Kızıl Yonca, Büyük Çayır Düğmesi"
Saç sağlığını destekler ve saç dökülmesini önlemeye yardımcı olur,"Karanfil, Çemen, Hardal Tohumu"
Emetik (kusturucu) etki gösterir,"Avrupa Yabani Zencefili, İpeka Kökü"
Bağışıklık sistemini güçlendirir ve enfeksiyonlara karşı antimikrobiyal koruma sağlar,"Karanfil, Yenibahar, Seylan Tarçını, Itır Otu, Kızıl Yonca, Çoban Püskülü, Kırmızı Yonca, Beyaz Biber, Kafur, Adaçayı, Nane, Mercanköşk, Kekik"
Solunum yolu sağlığını destekler ve enfeksiyon semptomlarını hafifletir,"Adaçayı, Karanfil, Mercanköşk, Nane, Yenibahar, Yabani Zencefil, Kafur, Kızıl Yonca, Hardal Tohumu, Karanfil Çayı, Çayır Düğmesi, Beyaz Biber, Kırmızı Yonca, Afşar Otu"
"Ağız ve diş sağlığını korur, diş ağrılarını hafifletir","Adaçayı, Karanfil, Yenibahar, Yabani Zencefil, Beyaz Biber, Hardal Tohumu"
Vücuttaki inflamasyonu azaltmaya yardımcı olur (Anti-enflamatuar etki),"Karanfil, Mercanköşk, Yenibahar, Seylan Tarçını, Itır Otu, Kızıl Yonca, Çoban Püskülü"
"Kalp ve damar sağlığını korur, kan dolaşımını ve tansiyonu düzenler","Adaçayı, Yenibahar, Seylan Tarçını, Siyah Hardal Tohumu, Kızıl Yonca, Çoban Püskülü, Yabani Zencefil, Beyaz Biber, Turnagagası, Hardal Tohumu, Kafur (Masaj Kremi)"
Hormonal dengeyi sağlar ve üreme sağlığını düzenler,"Adaçayı, Hayıt Otu, Hayıt, Testere Dişli Aslanpençesi, Turnagagası, Kokar Sedef Otu, Kırmızı Yonca, Çayır Düğmesi, Çemen Otu"
"Sinir sistemini yatıştırır, stres ve anksiyete seviyelerini azaltmaya yardımcı olur","Adaçayı, Karanfil, Hayıt Otu, Nane, Lavanta, Palo Santo, Sandal Ağacı, Mercanköşk, Hayıt, Tarçın, Çemen Otu, Turnagagası"
Kan dindirici ve doku büzücü (astrenjan) etki sağlar,"Adaçayı, Çayır Düğmesi, Itır Otu, Testere Dişli Aslanpençesi"
Karaciğer sağlığını korur ve vücudun detoks süreçlerini destekler,"Su Nanesi, Karanfil, Itır Otu"
Hücre yenilenmesini destekler ve antioksidan koruma sağlayarak hücresel hasarı önler,"Karanfil, Anadolu Adaçayı, Kırmızı Yonca, Beyaz Biber, Gümüş Adaçayı, Itır Otu, Çemen Otu"